kind	binding_id	baseline	package	payload	owner	adapter	primary_authority	receipt
COMMAND	edit.copy	bind('edit.copy', lambda _ctx, fn=app.on_copy: fn())	bind('edit.copy', lambda _ctx, fn=ports.edit.on_copy: fn())	CommandContext	explicit ApplicationCommandPorts family	command layer lambda/bind_toggle	HEADLESS	W104 exact stable command/binding contract
COMMAND	edit.cut	bind('edit.cut', lambda _ctx, fn=app.on_cut: fn())	bind('edit.cut', lambda _ctx, fn=ports.edit.on_cut: fn())	CommandContext	explicit ApplicationCommandPorts family	command layer lambda/bind_toggle	HEADLESS	W104 exact stable command/binding contract
COMMAND	edit.duplicate-line-selection	bind('edit.duplicate-line-selection', lambda _ctx, fn=app.on_duplicate_line_or_selection: fn())	bind('edit.duplicate-line-selection', lambda _ctx, fn=ports.edit.on_duplicate_line_or_selection: fn())	CommandContext	explicit ApplicationCommandPorts family	command layer lambda/bind_toggle	HEADLESS	W104 exact stable command/binding contract
COMMAND	edit.find-all	bind('edit.find-all', lambda _ctx, fn=app.on_find_all: fn())	bind('edit.find-all', lambda _ctx, fn=ports.edit.on_find_all: fn())	CommandContext	explicit ApplicationCommandPorts family	command layer lambda/bind_toggle	HEADLESS	W104 exact stable command/binding contract
COMMAND	edit.find-next	bind('edit.find-next', lambda _ctx, fn=app.on_find_next: fn())	bind('edit.find-next', lambda _ctx, fn=ports.edit.on_find_next: fn())	CommandContext	explicit ApplicationCommandPorts family	command layer lambda/bind_toggle	HEADLESS	W104 exact stable command/binding contract
COMMAND	edit.find-previous	bind('edit.find-previous', lambda _ctx, fn=app.on_find_previous: fn())	bind('edit.find-previous', lambda _ctx, fn=ports.edit.on_find_previous: fn())	CommandContext	explicit ApplicationCommandPorts family	command layer lambda/bind_toggle	HEADLESS	W104 exact stable command/binding contract
COMMAND	edit.find-replace	bind('edit.find-replace', lambda _ctx, fn=app.on_find_replace: fn())	bind('edit.find-replace', lambda _ctx, fn=ports.edit.on_find_replace: fn())	CommandContext	explicit ApplicationCommandPorts family	command layer lambda/bind_toggle	HEADLESS	W104 exact stable command/binding contract
COMMAND	edit.lowercase	bind('edit.lowercase', lambda _ctx, fn=app.on_lowercase: fn())	bind('edit.lowercase', lambda _ctx, fn=ports.edit.on_lowercase: fn())	CommandContext	explicit ApplicationCommandPorts family	command layer lambda/bind_toggle	HEADLESS	W104 exact stable command/binding contract
COMMAND	edit.move-line	"bind(""edit.move-line"", lambda ctx: app.on_move_line(_int_in(ctx, ""direction"", {-1, 1})))"	"bind(""edit.move-line"", lambda ctx: ports.edit.on_move_line(_int_in(ctx, ""direction"", {-1, 1})))"	CommandContext	explicit ApplicationCommandPorts family	command layer lambda/bind_toggle	HEADLESS	W104 exact stable command/binding contract
COMMAND	edit.paste	bind('edit.paste', lambda _ctx, fn=app.on_paste: fn())	bind('edit.paste', lambda _ctx, fn=ports.edit.on_paste: fn())	CommandContext	explicit ApplicationCommandPorts family	command layer lambda/bind_toggle	HEADLESS	W104 exact stable command/binding contract
COMMAND	edit.paste-clean-pdf	bind('edit.paste-clean-pdf', lambda _ctx, fn=app.on_paste_clean_pdf: fn())	bind('edit.paste-clean-pdf', lambda _ctx, fn=ports.edit.on_paste_clean_pdf: fn())	CommandContext	explicit ApplicationCommandPorts family	command layer lambda/bind_toggle	HEADLESS	W104 exact stable command/binding contract
COMMAND	edit.paste-plain	bind('edit.paste-plain', lambda _ctx, fn=app.on_paste_plain_text: fn())	bind('edit.paste-plain', lambda _ctx, fn=ports.edit.on_paste_plain_text: fn())	CommandContext	explicit ApplicationCommandPorts family	command layer lambda/bind_toggle	HEADLESS	W104 exact stable command/binding contract
COMMAND	edit.redo	bind('edit.redo', lambda _ctx, fn=app.on_redo: fn())	bind('edit.redo', lambda _ctx, fn=ports.edit.on_redo: fn())	CommandContext	explicit ApplicationCommandPorts family	command layer lambda/bind_toggle	HEADLESS	W104 exact stable command/binding contract
COMMAND	edit.replace-all	bind('edit.replace-all', lambda _ctx, fn=app.on_replace_all_dialog: fn())	bind('edit.replace-all', lambda _ctx, fn=ports.edit.on_replace_all_dialog: fn())	CommandContext	explicit ApplicationCommandPorts family	command layer lambda/bind_toggle	HEADLESS	W104 exact stable command/binding contract
COMMAND	edit.select-all	bind('edit.select-all', lambda _ctx, fn=app.on_select_all: fn())	bind('edit.select-all', lambda _ctx, fn=ports.edit.on_select_all: fn())	CommandContext	explicit ApplicationCommandPorts family	command layer lambda/bind_toggle	BEHAVIORAL-GTK	current W108 true-App exact observable receipt
COMMAND	edit.undo	bind('edit.undo', lambda _ctx, fn=app.on_undo: fn())	bind('edit.undo', lambda _ctx, fn=ports.edit.on_undo: fn())	CommandContext	explicit ApplicationCommandPorts family	command layer lambda/bind_toggle	HEADLESS	W104 exact stable command/binding contract
COMMAND	edit.uppercase	bind('edit.uppercase', lambda _ctx, fn=app.on_uppercase: fn())	bind('edit.uppercase', lambda _ctx, fn=ports.edit.on_uppercase: fn())	CommandContext	explicit ApplicationCommandPorts family	command layer lambda/bind_toggle	HEADLESS	W104 exact stable command/binding contract
COMMAND	file.favourite.add	bind('file.favourite.add', lambda _ctx, fn=app.on_add_favourite: fn())	bind('file.favourite.add', lambda _ctx, fn=ports.file.on_add_favourite: fn())	CommandContext	explicit ApplicationCommandPorts family	command layer lambda/bind_toggle	HEADLESS	W104 exact stable command/binding contract
COMMAND	file.favourite.edit	bind('file.favourite.edit', lambda _ctx, fn=app.on_edit_favourites: fn())	bind('file.favourite.edit', lambda _ctx, fn=ports.file.on_edit_favourites: fn())	CommandContext	explicit ApplicationCommandPorts family	command layer lambda/bind_toggle	HEADLESS	W104 exact stable command/binding contract
COMMAND	file.favourite.open	"bind(""file.favourite.open"", lambda ctx: app.open_favourite_path(_required(ctx, ""path"", str)))"	"bind(""file.favourite.open"", lambda ctx: ports.file.open_favourite_path(_required(ctx, ""path"", str)))"	CommandContext	explicit ApplicationCommandPorts family	command layer lambda/bind_toggle	HEADLESS	W104 exact stable command/binding contract
COMMAND	file.favourite.reload	bind('file.favourite.reload', lambda _ctx, fn=app.on_reload_favourites: fn())	bind('file.favourite.reload', lambda _ctx, fn=ports.file.on_reload_favourites: fn())	CommandContext	explicit ApplicationCommandPorts family	command layer lambda/bind_toggle	HEADLESS	W104 exact stable command/binding contract
COMMAND	file.new	bind('file.new', lambda _ctx, fn=app.on_new: fn())	bind('file.new', lambda _ctx, fn=ports.file.on_new: fn())	CommandContext	explicit ApplicationCommandPorts family	command layer lambda/bind_toggle	HEADLESS	W104 exact stable command/binding contract
COMMAND	file.open	bind('file.open', lambda _ctx, fn=app.on_open: fn())	bind('file.open', lambda _ctx, fn=ports.file.on_open: fn())	CommandContext	explicit ApplicationCommandPorts family	command layer lambda/bind_toggle	HEADLESS	W104 exact stable command/binding contract
COMMAND	file.open-drop	"bind(""file.open-drop"", lambda ctx: app.open_path(_required(ctx, ""path"", str)) if app.may_continue() else False)"	"bind(""file.open-drop"", lambda ctx: ports.file.open_path(_required(ctx, ""path"", str)) if ports.file.may_continue() else False)"	CommandContext	explicit ApplicationCommandPorts family	command layer lambda/bind_toggle	BEHAVIORAL-GTK	current W108 true-App exact observable receipt
COMMAND	file.print	bind('file.print', lambda _ctx, fn=app.on_print: fn())	bind('file.print', lambda _ctx, fn=ports.file.on_print: fn())	CommandContext	explicit ApplicationCommandPorts family	command layer lambda/bind_toggle	HEADLESS	W104 exact stable command/binding contract
COMMAND	file.print-preview	bind('file.print-preview', lambda _ctx, fn=app.on_print_preview: fn())	bind('file.print-preview', lambda _ctx, fn=ports.file.on_print_preview: fn())	CommandContext	explicit ApplicationCommandPorts family	command layer lambda/bind_toggle	HEADLESS	W104 exact stable command/binding contract
COMMAND	file.quit	bind('file.quit', lambda _ctx, fn=app.on_quit: fn())	bind('file.quit', lambda _ctx, fn=ports.file.on_quit: fn())	CommandContext	explicit ApplicationCommandPorts family	command layer lambda/bind_toggle	BEHAVIORAL-GTK	current W108 true-App exact observable receipt
COMMAND	file.recent.clear	"bind(""file.recent.clear"", lambda _ctx: app.on_clear_recent())"	"bind(""file.recent.clear"", lambda _ctx: ports.file.on_clear_recent())"	CommandContext	explicit ApplicationCommandPorts family	command layer lambda/bind_toggle	HEADLESS	W104 exact stable command/binding contract
COMMAND	file.recent.open	"bind(""file.recent.open"", lambda ctx: app.open_recent_path(_required(ctx, ""path"", str)))"	"bind(""file.recent.open"", lambda ctx: ports.file.open_recent_path(_required(ctx, ""path"", str)))"	CommandContext	explicit ApplicationCommandPorts family	command layer lambda/bind_toggle	HEADLESS	W104 exact stable command/binding contract
COMMAND	file.save	bind('file.save', lambda _ctx, fn=app.on_save: fn())	bind('file.save', lambda _ctx, fn=ports.file.on_save: fn())	CommandContext	explicit ApplicationCommandPorts family	command layer lambda/bind_toggle	BEHAVIORAL-GTK	current W108 true-App exact observable receipt
COMMAND	file.save-as	bind('file.save-as', lambda _ctx, fn=app.on_save_as: fn())	bind('file.save-as', lambda _ctx, fn=ports.file.on_save_as: fn())	CommandContext	explicit ApplicationCommandPorts family	command layer lambda/bind_toggle	HEADLESS	W104 exact stable command/binding contract
COMMAND	file.template.manage	bind('file.template.manage', lambda _ctx, fn=app.on_manage_templates: fn())	bind('file.template.manage', lambda _ctx, fn=ports.file.on_manage_templates: fn())	CommandContext	explicit ApplicationCommandPorts family	command layer lambda/bind_toggle	HEADLESS	W104 exact stable command/binding contract
COMMAND	file.template.open	"bind(""file.template.open"", lambda ctx: app.on_new_from_template(_required(ctx, ""path"", str)))"	"bind(""file.template.open"", lambda ctx: ports.file.on_new_from_template(_required(ctx, ""path"", str)))"	CommandContext	explicit ApplicationCommandPorts family	command layer lambda/bind_toggle	HEADLESS	W104 exact stable command/binding contract
COMMAND	file.template.save	bind('file.template.save', lambda _ctx, fn=app.on_save_as_template: fn())	bind('file.template.save', lambda _ctx, fn=ports.file.on_save_as_template: fn())	CommandContext	explicit ApplicationCommandPorts family	command layer lambda/bind_toggle	HEADLESS	W104 exact stable command/binding contract
COMMAND	file.workspace.close	bind('file.workspace.close', lambda _ctx, fn=app.on_close_workspace: fn())	bind('file.workspace.close', lambda _ctx, fn=ports.file.on_close_workspace: fn())	CommandContext	explicit ApplicationCommandPorts family	command layer lambda/bind_toggle	HEADLESS	W104 exact stable command/binding contract
COMMAND	file.workspace.duplicate	bind('file.workspace.duplicate', lambda _ctx, fn=app.on_duplicate_workspace_file: fn())	bind('file.workspace.duplicate', lambda _ctx, fn=ports.file.on_duplicate_workspace_file: fn())	CommandContext	explicit ApplicationCommandPorts family	command layer lambda/bind_toggle	HEADLESS	W104 exact stable command/binding contract
COMMAND	file.workspace.new-folder	bind('file.workspace.new-folder', lambda _ctx, fn=app.on_new_workspace_folder: fn())	bind('file.workspace.new-folder', lambda _ctx, fn=ports.file.on_new_workspace_folder: fn())	CommandContext	explicit ApplicationCommandPorts family	command layer lambda/bind_toggle	HEADLESS	W104 exact stable command/binding contract
COMMAND	file.workspace.new-text-file	bind('file.workspace.new-text-file', lambda _ctx, fn=app.on_new_workspace_text_file: fn())	bind('file.workspace.new-text-file', lambda _ctx, fn=ports.file.on_new_workspace_text_file: fn())	CommandContext	explicit ApplicationCommandPorts family	command layer lambda/bind_toggle	HEADLESS	W104 exact stable command/binding contract
COMMAND	file.workspace.recent.open	"bind(""file.workspace.recent.open"", lambda ctx: app.activate_workspace_path(_required(ctx, ""path"", str)))"	"bind(""file.workspace.recent.open"", lambda ctx: ports.file.activate_workspace_path(_required(ctx, ""path"", str)))"	CommandContext	explicit ApplicationCommandPorts family	command layer lambda/bind_toggle	HEADLESS	W104 exact stable command/binding contract
COMMAND	file.workspace.refresh	bind('file.workspace.refresh', lambda _ctx, fn=app.on_refresh_workspace: fn())	bind('file.workspace.refresh', lambda _ctx, fn=ports.file.on_refresh_workspace: fn())	CommandContext	explicit ApplicationCommandPorts family	command layer lambda/bind_toggle	HEADLESS	W104 exact stable command/binding contract
COMMAND	file.workspace.rename	bind('file.workspace.rename', lambda _ctx, fn=app.on_rename_workspace_item: fn())	bind('file.workspace.rename', lambda _ctx, fn=ports.file.on_rename_workspace_item: fn())	CommandContext	explicit ApplicationCommandPorts family	command layer lambda/bind_toggle	HEADLESS	W104 exact stable command/binding contract
COMMAND	file.workspace.reveal	bind('file.workspace.reveal', lambda _ctx, fn=app.on_reveal_workspace: fn())	bind('file.workspace.reveal', lambda _ctx, fn=ports.file.on_reveal_workspace: fn())	CommandContext	explicit ApplicationCommandPorts family	command layer lambda/bind_toggle	HEADLESS	W104 exact stable command/binding contract
COMMAND	file.workspace.select-folder	bind('file.workspace.select-folder', lambda _ctx, fn=app.on_select_workspace_folder: fn())	bind('file.workspace.select-folder', lambda _ctx, fn=ports.file.on_select_workspace_folder: fn())	CommandContext	explicit ApplicationCommandPorts family	command layer lambda/bind_toggle	HEADLESS	W104 exact stable command/binding contract
COMMAND	file.workspace.show-panel	bind('file.workspace.show-panel', lambda _ctx, fn=app.show_workspace_panel: fn())	bind('file.workspace.show-panel', lambda _ctx, fn=ports.file.show_workspace_panel: fn())	CommandContext	explicit ApplicationCommandPorts family	command layer lambda/bind_toggle	HEADLESS	W104 exact stable command/binding contract
COMMAND	file.workspace.trash	bind('file.workspace.trash', lambda _ctx, fn=app.on_move_workspace_item_to_trash: fn())	bind('file.workspace.trash', lambda _ctx, fn=ports.file.on_move_workspace_item_to_trash: fn())	CommandContext	explicit ApplicationCommandPorts family	command layer lambda/bind_toggle	HEADLESS	W104 exact stable command/binding contract
COMMAND	help.about	bind('help.about', lambda _ctx, fn=app.on_about: fn())	bind('help.about', lambda _ctx, fn=ports.help.on_about: fn())	CommandContext	explicit ApplicationCommandPorts family	command layer lambda/bind_toggle	BEHAVIORAL-GTK	current W108 true-App exact observable receipt
COMMAND	help.keyboard-shortcuts	bind('help.keyboard-shortcuts', lambda _ctx, fn=app.on_keyboard_shortcuts: fn())	bind('help.keyboard-shortcuts', lambda _ctx, fn=ports.help.on_keyboard_shortcuts: fn())	CommandContext	explicit ApplicationCommandPorts family	command layer lambda/bind_toggle	HEADLESS	W104 exact stable command/binding contract
COMMAND	help.user-guide	bind('help.user-guide', lambda _ctx, fn=app.on_user_guide: fn())	bind('help.user-guide', lambda _ctx, fn=ports.help.on_user_guide: fn())	CommandContext	explicit ApplicationCommandPorts family	command layer lambda/bind_toggle	HEADLESS	W104 exact stable command/binding contract
COMMAND	navigate.bookmark.manage	bind('navigate.bookmark.manage', lambda _ctx, fn=app.on_manage_bookmarks: fn())	bind('navigate.bookmark.manage', lambda _ctx, fn=ports.navigate.on_manage_bookmarks: fn())	CommandContext	explicit ApplicationCommandPorts family	command layer lambda/bind_toggle	HEADLESS	W104 exact stable command/binding contract
COMMAND	navigate.bookmark.next	bind('navigate.bookmark.next', lambda _ctx, fn=app.next_bookmark: fn())	bind('navigate.bookmark.next', lambda _ctx, fn=ports.navigate.next_bookmark: fn())	CommandContext	explicit ApplicationCommandPorts family	command layer lambda/bind_toggle	HEADLESS	W104 exact stable command/binding contract
COMMAND	navigate.bookmark.previous	bind('navigate.bookmark.previous', lambda _ctx, fn=app.previous_bookmark: fn())	bind('navigate.bookmark.previous', lambda _ctx, fn=ports.navigate.previous_bookmark: fn())	CommandContext	explicit ApplicationCommandPorts family	command layer lambda/bind_toggle	HEADLESS	W104 exact stable command/binding contract
COMMAND	navigate.bookmark.toggle	bind('navigate.bookmark.toggle', lambda _ctx, fn=app.toggle_bookmark: fn())	bind('navigate.bookmark.toggle', lambda _ctx, fn=ports.navigate.toggle_bookmark: fn())	CommandContext	explicit ApplicationCommandPorts family	command layer lambda/bind_toggle	HEADLESS	W104 exact stable command/binding contract
COMMAND	navigate.document-overview	bind('navigate.document-overview', lambda _ctx, fn=app.on_document_overview: fn())	bind('navigate.document-overview', lambda _ctx, fn=ports.navigate.on_document_overview: fn())	CommandContext	explicit ApplicationCommandPorts family	command layer lambda/bind_toggle	HEADLESS	W104 exact stable command/binding contract
COMMAND	navigate.go-line	bind('navigate.go-line', lambda _ctx, fn=app.on_go_to_line: fn())	bind('navigate.go-line', lambda _ctx, fn=ports.navigate.on_go_to_line: fn())	CommandContext	explicit ApplicationCommandPorts family	command layer lambda/bind_toggle	HEADLESS	W104 exact stable command/binding contract
COMMAND	navigate.go-section	bind('navigate.go-section', lambda _ctx, fn=app.on_go_to_section: fn())	bind('navigate.go-section', lambda _ctx, fn=ports.navigate.on_go_to_section: fn())	CommandContext	explicit ApplicationCommandPorts family	command layer lambda/bind_toggle	HEADLESS	W104 exact stable command/binding contract
COMMAND	navigate.heading.next	bind('navigate.heading.next', lambda _ctx, fn=app.on_next_heading: fn())	bind('navigate.heading.next', lambda _ctx, fn=ports.navigate.on_next_heading: fn())	CommandContext	explicit ApplicationCommandPorts family	command layer lambda/bind_toggle	HEADLESS	W104 exact stable command/binding contract
COMMAND	navigate.heading.previous	bind('navigate.heading.previous', lambda _ctx, fn=app.on_previous_heading: fn())	bind('navigate.heading.previous', lambda _ctx, fn=ports.navigate.on_previous_heading: fn())	CommandContext	explicit ApplicationCommandPorts family	command layer lambda/bind_toggle	HEADLESS	W104 exact stable command/binding contract
COMMAND	navigate.navigator-panel	"bind_toggle(""navigate.navigator-panel"", app.on_navigator_item_toggled, app.toggle_navigator_panel)"	"bind_toggle(""navigate.navigator-panel"", ports.navigate.on_navigator_item_toggled, ports.navigate.toggle_navigator_panel)"	CommandContext	explicit ApplicationCommandPorts family	command layer lambda/bind_toggle	BEHAVIORAL-GTK	W108_NAVIGATOR_PANEL_TRUE_GTK + historical W101 Navigator visibility
COMMAND	navigate.workspace-panel	"bind_toggle(""navigate.workspace-panel"", app.on_workspace_item_toggled, app.toggle_workspace_panel)"	"bind_toggle(""navigate.workspace-panel"", ports.navigate.on_workspace_item_toggled, ports.navigate.toggle_workspace_panel)"	CommandContext	explicit ApplicationCommandPorts family	command layer lambda/bind_toggle	HEADLESS	W104 exact stable command/binding contract
COMMAND	options.always-on-top	"bind_toggle(""options.always-on-top"", app.on_top, app.toggle_always_on_top)"	"bind_toggle(""options.always-on-top"", ports.options.on_top, ports.options.toggle_always_on_top)"	CommandContext	explicit ApplicationCommandPorts family	command layer lambda/bind_toggle	HEADLESS	W104 exact stable command/binding contract
COMMAND	options.appearance.dark	"bind(""options.appearance.dark"", lambda ctx: app.on_dark_mode(_ActiveValue(_required(ctx, ""active"", bool))))"	"bind(""options.appearance.dark"", lambda ctx: ports.options.on_dark_mode(_ActiveValue(_required(ctx, ""active"", bool))))"	CommandContext	explicit ApplicationCommandPorts family	command layer lambda/bind_toggle	HEADLESS	W104 exact stable command/binding contract
COMMAND	options.appearance.light	"bind(""options.appearance.light"", lambda ctx: app.on_white_background(_ActiveValue(_required(ctx, ""active"", bool))))"	"bind(""options.appearance.light"", lambda ctx: ports.options.on_white_background(_ActiveValue(_required(ctx, ""active"", bool))))"	CommandContext	explicit ApplicationCommandPorts family	command layer lambda/bind_toggle	HEADLESS	W104 exact stable command/binding contract
COMMAND	options.font	bind('options.font', lambda _ctx, fn=app.on_font: fn())	bind('options.font', lambda _ctx, fn=ports.options.on_font: fn())	CommandContext	explicit ApplicationCommandPorts family	command layer lambda/bind_toggle	HEADLESS	W104 exact stable command/binding contract
COMMAND	options.font-size.adjust	"bind(""options.font-size.adjust"", lambda ctx: app.change_font(_int_in(ctx, ""delta"", {-1, 1})))"	"bind(""options.font-size.adjust"", lambda ctx: ports.options.change_font(_int_in(ctx, ""delta"", {-1, 1})))"	CommandContext	explicit ApplicationCommandPorts family	command layer lambda/bind_toggle	HEADLESS	W104 exact stable command/binding contract
COMMAND	options.line-numbers	"bind_toggle(""options.line-numbers"", app.on_line_numbers, app.toggle_line_numbers)"	"bind_toggle(""options.line-numbers"", ports.options.on_line_numbers, ports.options.toggle_line_numbers)"	CommandContext	explicit ApplicationCommandPorts family	command layer lambda/bind_toggle	HEADLESS	W104 exact stable command/binding contract
COMMAND	options.opacity.select	bind('options.opacity.select', lambda _ctx, fn=app.on_opacity_selection: fn())	bind('options.opacity.select', lambda _ctx, fn=ports.options.on_opacity_selection: fn())	CommandContext	explicit ApplicationCommandPorts family	command layer lambda/bind_toggle	HEADLESS	W104 exact stable command/binding contract
COMMAND	options.opacity.set	"bind(""options.opacity.set"", lambda ctx: app.set_opacity_value(_int_in(ctx, ""percent"", {30, 40, 50, 60, 70, 80, 88, 90, 100})))"	"bind(""options.opacity.set"", lambda ctx: ports.options.set_opacity_value(_int_in(ctx, ""percent"", {30, 40, 50, 60, 70, 80, 88, 90, 100})))"	CommandContext	explicit ApplicationCommandPorts family	command layer lambda/bind_toggle	HEADLESS	W104 exact stable command/binding contract
COMMAND	options.transparent-mode	"bind_toggle(""options.transparent-mode"", app.on_transparent_mode, app.toggle_transparent_mode)"	"bind_toggle(""options.transparent-mode"", ports.options.on_transparent_mode, ports.options.toggle_transparent_mode)"	CommandContext	explicit ApplicationCommandPorts family	command layer lambda/bind_toggle	HEADLESS	W104 exact stable command/binding contract
COMMAND	options.word-wrap	"bind_toggle(""options.word-wrap"", app.on_word_wrap, app.toggle_word_wrap)"	"bind_toggle(""options.word-wrap"", ports.options.on_word_wrap, ports.options.toggle_word_wrap)"	CommandContext	explicit ApplicationCommandPorts family	command layer lambda/bind_toggle	BEHAVIORAL-GTK	current W108 true-App exact observable receipt
COMMAND	research.authoring-bridge	bind('research.authoring-bridge', lambda _ctx, fn=app.show_authoring_bridge: fn())	bind('research.authoring-bridge', lambda _ctx, fn=ports.research.show_authoring_bridge: fn())	CommandContext	explicit ApplicationCommandPorts family	command layer lambda/bind_toggle	HISTORICAL-FROZEN	W88 true-App stable-command supersession receipt
COMMAND	research.bibliography	bind('research.bibliography', lambda _ctx, fn=app.show_references: fn())	bind('research.bibliography', lambda _ctx, fn=ports.research.show_references: fn())	CommandContext	explicit ApplicationCommandPorts family	command layer lambda/bind_toggle	HEADLESS	W104 exact stable command/binding contract
COMMAND	research.capture-scratchpad	bind('research.capture-scratchpad', lambda _ctx, fn=app.on_capture_selection_in_scratchpad: fn())	bind('research.capture-scratchpad', lambda _ctx, fn=ports.research.on_capture_selection_in_scratchpad: fn())	CommandContext	explicit ApplicationCommandPorts family	command layer lambda/bind_toggle	HEADLESS	W104 exact stable command/binding contract
COMMAND	research.check	bind('research.check', lambda _ctx, fn=app.on_research_check: fn())	bind('research.check', lambda _ctx, fn=ports.research.on_research_check: fn())	CommandContext	explicit ApplicationCommandPorts family	command layer lambda/bind_toggle	HEADLESS	W104 exact stable command/binding contract
COMMAND	research.clips	bind('research.clips', lambda _ctx, fn=app.show_clip_collection: fn())	bind('research.clips', lambda _ctx, fn=ports.research.show_clip_collection: fn())	CommandContext	explicit ApplicationCommandPorts family	command layer lambda/bind_toggle	HEADLESS	W104 exact stable command/binding contract
COMMAND	research.create-source-note	bind('research.create-source-note', lambda _ctx, fn=app.on_create_source_note_from_selection: fn())	bind('research.create-source-note', lambda _ctx, fn=ports.research.on_create_source_note_from_selection: fn())	CommandContext	explicit ApplicationCommandPorts family	command layer lambda/bind_toggle	HISTORICAL-FROZEN	W88 true-App stable-command supersession receipt
COMMAND	research.export-apparatus	bind('research.export-apparatus', lambda _ctx, fn=app.on_export_research_apparatus: fn())	bind('research.export-apparatus', lambda _ctx, fn=ports.research.on_export_research_apparatus: fn())	CommandContext	explicit ApplicationCommandPorts family	command layer lambda/bind_toggle	HEADLESS	W104 exact stable command/binding contract
COMMAND	research.export-bib	bind('research.export-bib', lambda _ctx, fn=app.on_export_references_bibtex_biblatex: fn())	bind('research.export-bib', lambda _ctx, fn=ports.research.on_export_references_bibtex_biblatex: fn())	CommandContext	explicit ApplicationCommandPorts family	command layer lambda/bind_toggle	HEADLESS	W104 exact stable command/binding contract
COMMAND	research.export-bibliography-markdown	bind('research.export-bibliography-markdown', lambda _ctx, fn=app.on_export_bibliography_markdown: fn())	bind('research.export-bibliography-markdown', lambda _ctx, fn=ports.research.on_export_bibliography_markdown: fn())	CommandContext	explicit ApplicationCommandPorts family	command layer lambda/bind_toggle	HEADLESS	W104 exact stable command/binding contract
COMMAND	research.export-bibliography-text	bind('research.export-bibliography-text', lambda _ctx, fn=app.on_export_bibliography_text: fn())	bind('research.export-bibliography-text', lambda _ctx, fn=ports.research.on_export_bibliography_text: fn())	CommandContext	explicit ApplicationCommandPorts family	command layer lambda/bind_toggle	HEADLESS	W104 exact stable command/binding contract
COMMAND	research.export-pandoc	bind('research.export-pandoc', lambda _ctx, fn=app.on_export_with_pandoc: fn())	bind('research.export-pandoc', lambda _ctx, fn=ports.research.on_export_with_pandoc: fn())	CommandContext	explicit ApplicationCommandPorts family	command layer lambda/bind_toggle	HEADLESS	W104 exact stable command/binding contract
COMMAND	research.import-bib	bind('research.import-bib', lambda _ctx, fn=app.on_import_bibtex_biblatex: fn())	bind('research.import-bib', lambda _ctx, fn=ports.research.on_import_bibtex_biblatex: fn())	CommandContext	explicit ApplicationCommandPorts family	command layer lambda/bind_toggle	HEADLESS	W104 exact stable command/binding contract
COMMAND	research.insert-clip	bind('research.insert-clip', lambda _ctx, fn=app.on_insert_clip: fn())	bind('research.insert-clip', lambda _ctx, fn=ports.research.on_insert_clip: fn())	CommandContext	explicit ApplicationCommandPorts family	command layer lambda/bind_toggle	HEADLESS	W104 exact stable command/binding contract
COMMAND	research.insert-clip-slot	"bind(""research.insert-clip-slot"", lambda ctx: app.insert_clip_number(_int_in(ctx, ""number"", set(range(1, 10)))))"	"bind(""research.insert-clip-slot"", lambda ctx: ports.research.insert_clip_number(_int_in(ctx, ""number"", set(range(1, 10)))))"	CommandContext	explicit ApplicationCommandPorts family	command layer lambda/bind_toggle	HEADLESS	W104 exact stable command/binding contract
COMMAND	research.insert-heading-link	bind('research.insert-heading-link', lambda _ctx, fn=app.on_insert_link_to_heading: fn())	bind('research.insert-heading-link', lambda _ctx, fn=ports.research.on_insert_link_to_heading: fn())	CommandContext	explicit ApplicationCommandPorts family	command layer lambda/bind_toggle	HISTORICAL-FROZEN	W88 true-App stable-command supersession receipt
COMMAND	research.new-scratchpad-section	bind('research.new-scratchpad-section', lambda _ctx, fn=app.on_new_scratchpad_for_current_section: fn())	bind('research.new-scratchpad-section', lambda _ctx, fn=ports.research.on_new_scratchpad_for_current_section: fn())	CommandContext	explicit ApplicationCommandPorts family	command layer lambda/bind_toggle	HEADLESS	W104 exact stable command/binding contract
COMMAND	research.open-bibliography	bind('research.open-bibliography', lambda _ctx, fn=app.on_open_bibliography_file: fn())	bind('research.open-bibliography', lambda _ctx, fn=ports.research.on_open_bibliography_file: fn())	CommandContext	explicit ApplicationCommandPorts family	command layer lambda/bind_toggle	HEADLESS	W104 exact stable command/binding contract
COMMAND	research.open-citation	bind('research.open-citation', lambda _ctx, fn=app.on_open_citation_in_references: fn())	bind('research.open-citation', lambda _ctx, fn=ports.research.on_open_citation_in_references: fn())	CommandContext	explicit ApplicationCommandPorts family	command layer lambda/bind_toggle	HEADLESS	W104 exact stable command/binding contract
COMMAND	research.panel	"bind_toggle(""research.panel"", app.on_research_item_toggled, app.toggle_research_panel)"	"bind_toggle(""research.panel"", ports.research.on_research_item_toggled, ports.research.toggle_research_panel)"	CommandContext	explicit ApplicationCommandPorts family	command layer lambda/bind_toggle	BEHAVIORAL-GTK	current W108 true-App exact observable receipt
COMMAND	research.quick-cite	bind('research.quick-cite', lambda _ctx, fn=app.on_quick_cite: fn())	bind('research.quick-cite', lambda _ctx, fn=ports.research.on_quick_cite: fn())	CommandContext	explicit ApplicationCommandPorts family	command layer lambda/bind_toggle	HEADLESS	W104 exact stable command/binding contract
COMMAND	research.reference-sets	bind('research.reference-sets', lambda _ctx, fn=app.show_reference_sets: fn())	bind('research.reference-sets', lambda _ctx, fn=ports.research.show_reference_sets: fn())	CommandContext	explicit ApplicationCommandPorts family	command layer lambda/bind_toggle	HEADLESS	W104 exact stable command/binding contract
COMMAND	research.rename-reference-key	bind('research.rename-reference-key', lambda _ctx, fn=app.on_rename_reference_key: fn())	bind('research.rename-reference-key', lambda _ctx, fn=ports.research.on_rename_reference_key: fn())	CommandContext	explicit ApplicationCommandPorts family	command layer lambda/bind_toggle	HEADLESS	W104 exact stable command/binding contract
COMMAND	research.scratchpad	bind('research.scratchpad', lambda _ctx, fn=app.show_scratchpad: fn())	bind('research.scratchpad', lambda _ctx, fn=ports.research.show_scratchpad: fn())	CommandContext	explicit ApplicationCommandPorts family	command layer lambda/bind_toggle	HEADLESS	W104 exact stable command/binding contract
COMMAND	research.show-scratchpad-section	bind('research.show-scratchpad-section', lambda _ctx, fn=app.on_show_scratchpad_for_current_section: fn())	bind('research.show-scratchpad-section', lambda _ctx, fn=ports.research.on_show_scratchpad_for_current_section: fn())	CommandContext	explicit ApplicationCommandPorts family	command layer lambda/bind_toggle	HEADLESS	W104 exact stable command/binding contract
COMMAND	research.source-notes	bind('research.source-notes', lambda _ctx, fn=app.show_source_notes: fn())	bind('research.source-notes', lambda _ctx, fn=ports.research.show_source_notes: fn())	CommandContext	explicit ApplicationCommandPorts family	command layer lambda/bind_toggle	HEADLESS	W104 exact stable command/binding contract
COMMAND	research.tag-integrity	bind('research.tag-integrity', lambda _ctx, fn=app.on_tag_integrity: fn())	bind('research.tag-integrity', lambda _ctx, fn=ports.research.on_tag_integrity: fn())	CommandContext	explicit ApplicationCommandPorts family	command layer lambda/bind_toggle	HEADLESS	W104 exact stable command/binding contract
COMMAND	research.tags	bind('research.tags', lambda _ctx, fn=app.show_tags: fn())	bind('research.tags', lambda _ctx, fn=ports.research.show_tags: fn())	CommandContext	explicit ApplicationCommandPorts family	command layer lambda/bind_toggle	HEADLESS	W104 exact stable command/binding contract
COMMAND	tools.language	bind('tools.language', lambda _ctx, fn=app.on_language_selection: fn())	bind('tools.language', lambda _ctx, fn=ports.tools.on_language_selection: fn())	CommandContext	explicit ApplicationCommandPorts family	command layer lambda/bind_toggle	HEADLESS	W104 exact stable command/binding contract
COMMAND	tools.spellcheck	bind('tools.spellcheck', lambda _ctx, fn=app.on_check: fn())	bind('tools.spellcheck', lambda _ctx, fn=ports.tools.on_check: fn())	CommandContext	explicit ApplicationCommandPorts family	command layer lambda/bind_toggle	HEADLESS	W104 exact stable command/binding contract
COMMAND	tools.system-info	bind('tools.system-info', lambda _ctx, fn=app.on_system_info: fn())	bind('tools.system-info', lambda _ctx, fn=ports.tools.on_system_info: fn())	CommandContext	explicit ApplicationCommandPorts family	command layer lambda/bind_toggle	BEHAVIORAL-GTK	current W108 true-App exact observable receipt
COMMAND	view.character-map	bind('view.character-map', lambda _ctx, fn=app.on_character_map: fn())	bind('view.character-map', lambda _ctx, fn=ports.view.on_character_map: fn())	CommandContext	explicit ApplicationCommandPorts family	command layer lambda/bind_toggle	BEHAVIORAL-GTK	current W108 true-App exact observable receipt
COMMAND	view.current-line-highlight	bind('view.current-line-highlight', lambda _ctx, fn=app.toggle_current_line_highlight: fn())	bind('view.current-line-highlight', lambda _ctx, fn=ports.view.toggle_current_line_highlight: fn())	CommandContext	explicit ApplicationCommandPorts family	command layer lambda/bind_toggle	HEADLESS	W104 exact stable command/binding contract
COMMAND	view.distraction-free	bind('view.distraction-free', lambda _ctx, fn=app.toggle_distraction_free: fn())	bind('view.distraction-free', lambda _ctx, fn=ports.view.toggle_distraction_free: fn())	CommandContext	explicit ApplicationCommandPorts family	command layer lambda/bind_toggle	HEADLESS	W104 exact stable command/binding contract
COMMAND	view.focus-mode	bind('view.focus-mode', lambda _ctx, fn=app.toggle_focus_mode: fn())	bind('view.focus-mode', lambda _ctx, fn=ports.view.toggle_focus_mode: fn())	CommandContext	explicit ApplicationCommandPorts family	command layer lambda/bind_toggle	BEHAVIORAL-GTK	current W108 true-App exact observable receipt
COMMAND	writing.clean-pdf	bind('writing.clean-pdf', lambda _ctx, fn=app.on_clean_selected_pdf: fn())	bind('writing.clean-pdf', lambda _ctx, fn=ports.writing.on_clean_selected_pdf: fn())	CommandContext	explicit ApplicationCommandPorts family	command layer lambda/bind_toggle	HEADLESS	W104 exact stable command/binding contract
COMMAND	writing.insert-date	bind('writing.insert-date', lambda _ctx, fn=app.on_insert_date: fn())	bind('writing.insert-date', lambda _ctx, fn=ports.writing.on_insert_date: fn())	CommandContext	explicit ApplicationCommandPorts family	command layer lambda/bind_toggle	HEADLESS	W104 exact stable command/binding contract
COMMAND	writing.insert-date-time	bind('writing.insert-date-time', lambda _ctx, fn=app.on_insert_datetime: fn())	bind('writing.insert-date-time', lambda _ctx, fn=ports.writing.on_insert_datetime: fn())	CommandContext	explicit ApplicationCommandPorts family	command layer lambda/bind_toggle	HEADLESS	W104 exact stable command/binding contract
COMMAND	writing.insert-time	bind('writing.insert-time', lambda _ctx, fn=app.on_insert_time: fn())	bind('writing.insert-time', lambda _ctx, fn=ports.writing.on_insert_time: fn())	CommandContext	explicit ApplicationCommandPorts family	command layer lambda/bind_toggle	HEADLESS	W104 exact stable command/binding contract
COMMAND	writing.join-lines	bind('writing.join-lines', lambda _ctx, fn=app.on_join_lines: fn())	bind('writing.join-lines', lambda _ctx, fn=ports.writing.on_join_lines: fn())	CommandContext	explicit ApplicationCommandPorts family	command layer lambda/bind_toggle	HEADLESS	W104 exact stable command/binding contract
COMMAND	writing.reflow-paragraph	bind('writing.reflow-paragraph', lambda _ctx, fn=app.on_reflow_paragraph: fn())	bind('writing.reflow-paragraph', lambda _ctx, fn=ports.writing.on_reflow_paragraph: fn())	CommandContext	explicit ApplicationCommandPorts family	command layer lambda/bind_toggle	HEADLESS	W104 exact stable command/binding contract
COMMAND	writing.remove-extra-spaces	bind('writing.remove-extra-spaces', lambda _ctx, fn=app.on_remove_extra_spaces: fn())	bind('writing.remove-extra-spaces', lambda _ctx, fn=ports.writing.on_remove_extra_spaces: fn())	CommandContext	explicit ApplicationCommandPorts family	command layer lambda/bind_toggle	HEADLESS	W104 exact stable command/binding contract
COMMAND	writing.remove-trailing-spaces	bind('writing.remove-trailing-spaces', lambda _ctx, fn=app.on_remove_trailing_spaces: fn())	bind('writing.remove-trailing-spaces', lambda _ctx, fn=ports.writing.on_remove_trailing_spaces: fn())	CommandContext	explicit ApplicationCommandPorts family	command layer lambda/bind_toggle	HEADLESS	W104 exact stable command/binding contract
COMMAND	writing.sentence-case	bind('writing.sentence-case', lambda _ctx, fn=app.on_sentence_case: fn())	bind('writing.sentence-case', lambda _ctx, fn=ports.writing.on_sentence_case: fn())	CommandContext	explicit ApplicationCommandPorts family	command layer lambda/bind_toggle	HEADLESS	W104 exact stable command/binding contract
COMMAND	writing.smart-typography	bind('writing.smart-typography', lambda _ctx, fn=app.on_smart_typography: fn())	bind('writing.smart-typography', lambda _ctx, fn=ports.writing.on_smart_typography: fn())	CommandContext	explicit ApplicationCommandPorts family	command layer lambda/bind_toggle	HEADLESS	W104 exact stable command/binding contract
COMMAND	writing.sort-lines	"bind(""writing.sort-lines"", lambda ctx: app.on_sort_lines_descending() if bool(ctx.get(""reverse"", False)) else app.on_sort_lines_ascending())"	"bind(""writing.sort-lines"", lambda ctx: ports.writing.on_sort_lines_descending() if bool(ctx.get(""reverse"", False)) else ports.writing.on_sort_lines_ascending())"	CommandContext	explicit ApplicationCommandPorts family	command layer lambda/bind_toggle	HEADLESS	W104 exact stable command/binding contract
COMMAND	writing.statistics	bind('writing.statistics', lambda _ctx, fn=app.on_document_statistics: fn())	bind('writing.statistics', lambda _ctx, fn=ports.writing.on_document_statistics: fn())	CommandContext	explicit ApplicationCommandPorts family	command layer lambda/bind_toggle	HEADLESS	W104 exact stable command/binding contract
COMMAND	writing.title-case	bind('writing.title-case', lambda _ctx, fn=app.on_title_case: fn())	bind('writing.title-case', lambda _ctx, fn=ports.writing.on_title_case: fn())	CommandContext	explicit ApplicationCommandPorts family	command layer lambda/bind_toggle	HEADLESS	W104 exact stable command/binding contract
COMMAND	writing.typewriter-mode	"bind_toggle(""writing.typewriter-mode"", app.on_typewriter_item_toggled, app.toggle_typewriter_mode)"	"bind_toggle(""writing.typewriter-mode"", ports.writing.on_typewriter_item_toggled, ports.writing.toggle_typewriter_mode)"	CommandContext	explicit ApplicationCommandPorts family	command layer lambda/bind_toggle	BEHAVIORAL-GTK	current W108 true-App exact observable receipt
COMPOSITION	ClipCollectionCompositionInput.execute_command	app.execute_command	inputs.execute_command	Callable[..., bool]	ClipCollectionCompositionInput.execute_command	typed composition mapping	HEADLESS	W101 typed composition + callback-shape closure
COMPOSITION	ClipCollectionCompositionInput.get_cursor_offset	app.get_cursor_offset	inputs.get_cursor_offset	Callable[[], int]	ClipCollectionCompositionInput.get_cursor_offset	typed composition mapping	HEADLESS	W101 typed composition + callback-shape closure
COMPOSITION	ClipCollectionCompositionInput.publish_invalidation	app.publish_research_invalidation	inputs.publish_invalidation	Callable[[Any], Any]	ClipCollectionCompositionInput.publish_invalidation	typed composition mapping	HEADLESS	W101 typed composition + callback-shape closure
COMPOSITION	ClipCollectionCompositionInput.queue_insert_scroll	app.queue_insert_scroll	inputs.queue_insert_scroll	Callable[..., Any]	ClipCollectionCompositionInput.queue_insert_scroll	typed composition mapping	HEADLESS	W101 typed composition + callback-shape closure
COMPOSITION	ClipCollectionCompositionInput.set_cursor_offset	app.set_cursor_offset	inputs.set_cursor_offset	Callable[[int], Any]	ClipCollectionCompositionInput.set_cursor_offset	typed composition mapping	HEADLESS	W101 typed composition + callback-shape closure
COMPOSITION	ClipCollectionCompositionInput.sync_history_view_state	app.sync_current_history_view_state	inputs.sync_history_view_state	Callable[[], Any]	ClipCollectionCompositionInput.sync_history_view_state	typed composition mapping	HEADLESS	W101 typed composition + callback-shape closure
COMPOSITION	DocumentSessionCompositionInput.read_buffer_text	app._read_buffer_text_raw	inputs.read_buffer_text	Callable[[], str]	DocumentSessionCompositionInput.read_buffer_text	typed composition mapping	HEADLESS	W101 typed composition + callback-shape closure
COMPOSITION	DocumentSessionCompositionInput.replace_buffer_text	app._replace_buffer_text_raw	inputs.replace_buffer_text	Callable[[str], None]	DocumentSessionCompositionInput.replace_buffer_text	typed composition mapping	HEADLESS	W101 typed composition + callback-shape closure
COMPOSITION	DocumentSessionCompositionInput.reset_undo_history	app.reset_undo_history	inputs.reset_undo_history	Callable[[], None]	DocumentSessionCompositionInput.reset_undo_history	typed composition mapping	HEADLESS	W101 typed composition + callback-shape closure
COMPOSITION	EditorCompositionInput.apply_wrap_policy	app.apply_wrap_policy	inputs.apply_wrap_policy	Callable[[], Any]	EditorCompositionInput.apply_wrap_policy	typed composition mapping	HEADLESS	W101 typed composition + callback-shape closure
COMPOSITION	EditorCompositionInput.on_buffer_begin_user_action	app.on_buffer_begin_user_action	inputs.on_buffer_begin_user_action	Callable[..., Any]	EditorCompositionInput.on_buffer_begin_user_action	typed composition mapping	HEADLESS	W101 typed composition + callback-shape closure
COMPOSITION	EditorCompositionInput.on_buffer_changed	app.on_changed	inputs.on_buffer_changed	Callable[..., Any]	EditorCompositionInput.on_buffer_changed	typed composition mapping	HEADLESS	W101 typed composition + callback-shape closure
COMPOSITION	EditorCompositionInput.on_buffer_end_user_action	app.on_buffer_end_user_action	inputs.on_buffer_end_user_action	Callable[..., Any]	EditorCompositionInput.on_buffer_end_user_action	typed composition mapping	HEADLESS	W101 typed composition + callback-shape closure
COMPOSITION	EditorCompositionInput.on_cursor_position_notify	app.on_cursor_position_notify	inputs.on_cursor_position_notify	Callable[..., Any]	EditorCompositionInput.on_cursor_position_notify	typed composition mapping	HEADLESS	W101 typed composition + callback-shape closure
COMPOSITION	EditorCompositionInput.on_text_button_press	app.on_text_button_press	inputs.on_text_button_press	Callable[..., Any]	EditorCompositionInput.on_text_button_press	typed composition mapping	HEADLESS	W101 typed composition + callback-shape closure
COMPOSITION	EditorCompositionInput.on_text_button_release	app.on_text_button_release	inputs.on_text_button_release	Callable[..., Any]	EditorCompositionInput.on_text_button_release	typed composition mapping	HEADLESS	W101 typed composition + callback-shape closure
COMPOSITION	EditorCompositionInput.on_text_focus_out	app.on_text_focus_out	inputs.on_text_focus_out	Callable[..., Any]	EditorCompositionInput.on_text_focus_out	typed composition mapping	HEADLESS	W101 typed composition + callback-shape closure
COMPOSITION	EditorCompositionInput.on_text_key_press	app.on_text_key_press	inputs.on_text_key_press	Callable[..., Any]	EditorCompositionInput.on_text_key_press	typed composition mapping	HEADLESS	W101 typed composition + callback-shape closure
COMPOSITION	EditorCompositionInput.on_text_key_release	app.on_text_key_release	inputs.on_text_key_release	Callable[..., Any]	EditorCompositionInput.on_text_key_release	typed composition mapping	HEADLESS	W101 typed composition + callback-shape closure
COMPOSITION	EditorCompositionInput.on_text_motion_notify	app.on_text_motion_notify	inputs.on_text_motion_notify	Callable[..., Any]	EditorCompositionInput.on_text_motion_notify	typed composition mapping	HEADLESS	W101 typed composition + callback-shape closure
COMPOSITION	EditorCompositionInput.on_text_move_cursor	app.on_text_move_cursor	inputs.on_text_move_cursor	Callable[..., Any]	EditorCompositionInput.on_text_move_cursor	typed composition mapping	HEADLESS	W101 typed composition + callback-shape closure
COMPOSITION	EditorCompositionInput.on_text_scroll	app.on_text_scroll	inputs.on_text_scroll	Callable[..., Any]	EditorCompositionInput.on_text_scroll	typed composition mapping	HEADLESS	W101 typed composition + callback-shape closure
COMPOSITION	EditorCompositionInput.on_typewriter_state_changed	app.on_typewriter_state_changed	inputs.on_typewriter_state_changed	Callable[..., Any]	EditorCompositionInput.on_typewriter_state_changed	typed composition mapping	HEADLESS	W101 typed composition + callback-shape closure
COMPOSITION	NavigatorCompositionInput.on_visibility_changed	app.on_navigator_visibility_changed	inputs.on_navigator_visibility_changed	visible: bool	NavigatorPanelRuntime visibility callback	typed composition mapping	BEHAVIORAL-GTK	W108_NAVIGATOR_PANEL_TRUE_GTK + historical W101 Navigator visibility
COMPOSITION	NavigatorCompositionInput.queue_wrap_reflow	app.queue_wrap_reflow	inputs.queue_wrap_reflow	Callable[[], Any]	NavigatorCompositionInput.queue_wrap_reflow	typed composition mapping	HEADLESS	W101 typed composition + callback-shape closure
COMPOSITION	WorkspaceCompositionInput.document_text	app.buffer_text	inputs.document_text	Callable[[], str]	WorkspaceCompositionInput.document_text	typed composition mapping	HEADLESS	W101 typed composition + callback-shape closure
COMPOSITION	WorkspaceCompositionInput.may_continue	app.may_continue	inputs.may_continue	Callable[[], bool]	WorkspaceCompositionInput.may_continue	typed composition mapping	HEADLESS	W101 typed composition + callback-shape closure
COMPOSITION	WorkspaceCompositionInput.open_document	app.open_path	inputs.open_document	Callable[[str], bool]	WorkspaceCompositionInput.open_document	typed composition mapping	HEADLESS	W101 typed composition + callback-shape closure
COMPOSITION	WorkspaceCompositionInput.record_workspace_root	app.application_state.record_workspace_root	inputs.application_state.record_workspace_root	Callable[[str | None], bool]	WorkspaceCompositionInput.record_workspace_root	typed composition mapping	HEADLESS	W101 typed composition + callback-shape closure
COMPOSITION	WorkspaceCompositionInput.refresh_overview	app.refresh_document_overview_if_open	inputs.refresh_overview	Callable[[], Any]	WorkspaceCompositionInput.refresh_overview	typed composition mapping	HEADLESS	W101 typed composition + callback-shape closure
COMPOSITION	WorkspaceCompositionInput.refresh_ui_state	app.refresh_ui_state	inputs.refresh_ui_state	Callable[[], Any]	WorkspaceCompositionInput.refresh_ui_state	typed composition mapping	HEADLESS	W101 typed composition + callback-shape closure
COMPOSITION	WorkspaceCompositionInput.report_error	app.error	inputs.report_error	Callable[[str], None]	WorkspaceCompositionInput.report_error	typed composition mapping	HEADLESS	W101 typed composition + callback-shape closure
COMPOSITION	WorkspaceCompositionInput.research_context_changed	app.research_document_context_changed	inputs.research_context_changed	Callable[[], Any]	WorkspaceCompositionInput.research_context_changed	typed composition mapping	HEADLESS	W101 typed composition + callback-shape closure
COMPOSITION	WorkspaceCompositionInput.update_title	app.update_title	inputs.update_title	Callable[[], Any]	WorkspaceCompositionInput.update_title	typed composition mapping	HEADLESS	W101 typed composition + callback-shape closure
GTK_SIGNAL	CharacterMapDialog.character-button.clicked	App.on_character_map local button.connect callback	CharacterMapDialog button callback	Gtk.Button clicked	CharacterMapDialog	dedicated GTK adapter	BEHAVIORAL-GTK	W108_CHARACTER_MAP_TRUE_GTK
